{"cameraMode":{"drawMode":0,"name":"Shaded","section":"Shading Mode"},"sceneLighting":false,"audioPlay":false,"sceneViewState":{"m_AlwaysRefresh":false,"showFog":true,"showSkybox":false,"showFlares":true,"showImageEffects":true,"showParticleSystems":true,"showVisualEffectGraphs":true,"m_FxEnabled":true},"in2DMode":false,"pivot":{"x":0.041206181049346927,"y":0.7455042600631714,"z":-4.7599968910217289},"rotation":{"x":-0.18707437813282014,"y":-0.5074198246002197,"z":0.1138998493552208,"w":-0.8334031105041504},"size":0.3027607798576355,"orthographic":false}