{"cameraMode":{"drawMode":0,"name":"Shaded","section":"Shading Mode"},"sceneLighting":false,"audioPlay":false,"sceneViewState":{"m_AlwaysRefresh":false,"showFog":true,"showSkybox":true,"showFlares":true,"showImageEffects":true,"showParticleSystems":true,"showVisualEffectGraphs":true,"m_FxEnabled":true},"in2DMode":false,"pivot":{"x":614.1463623046875,"y":789.5447998046875,"z":51.48286437988281},"rotation":{"x":0.27901431918144228,"y":-0.0288032628595829,"z":0.008372866548597813,"w":0.9598199725151062},"size":278.44342041015627,"orthographic":true}